claim_id,claim,maturity,theorem_or_manuscript,checker_or_experiment,source_or_input,raw_result,figure_or_table,boundary,fresh_recheck
C01,The retained eight-instruction block preserves both binary32 output words and the final five-bit sticky exception projection for every input-word pair and every initial five-bit mask.,proved under the declared trusted base; executable certificate replayed,paper/main.tex Theorem thm:main and Appendices A-B; proofs/soundness.md,src/certificate_checker.py,proofs/equivalence.json; proofs/semantics.md,results/symbolic-replay.json,Figure fig:proof; Table tab:nans,"Masked Intel-SSE contract, RNE, DAZ=FTZ=0, zeroed temporaries/upper lanes, writable inputs; not proof-assistant checked or independently reviewed.",Unified replay passes; final clean-archive replay is recorded in results/clean-reproduction.json.
C02,The exact retained legacy encoding costs eight instructions and thirty bytes.,decoded and independently assembled,paper/main.tex Table tab:block and Appendix G,src/certificate_checker.py; tests/assembly.py,src/kernel.S; proofs/equivalence.json,results/assembly.json; results/symbolic-replay.json,Table tab:block; Table tab:decode,"Static block cost only; initialization, ABI work, loads/stores/return and performance are excluded.",Unified replay passes; final clean-archive replay is recorded in results/clean-reproduction.json.
C03,No relaxed event-bijective goal is reachable in at most seven instructions from the declared entry; depth eight contains 34 goal states.,complete finite proof replay,"paper/main.tex Section 5 and Appendices C, I, R",src/event_bijective_checker.py,proofs/event-bijective-minimality.json,results/event-bijective-minimality.json,Table tab:frontier; Figure fig:frontiers,"Complete only for the explicitly defined relaxed event-bijective class; the relaxation omits raw NaN, signed-zero and exact invalid-union constraints.",Unified replay passes; final clean-archive replay is recorded in results/clean-reproduction.json.
C04,The retained eight-instruction block is a member of the strong event-bijective two-address class and attains the relaxed goal.,proved by decoded membership and raw refinement,paper/main.tex Theorem thm:minimum and Appendix M,src/event_bijective_checker.py; src/certificate_checker.py,proofs/event-bijective-minimality.json; proofs/equivalence.json,results/event-bijective-minimality.json; results/symbolic-replay.json,Table tab:eventmap,Membership and all-word correctness are separate checks; not every relaxed depth-eight goal is claimed raw-word correct.,Unified replay passes; final clean-archive replay is recorded in results/clean-reproduction.json.
C05,"The lexicographic minimum in the declared event-bijective two-address class is (8 instructions, 30 bytes).","proved by analytic liveness lower bound, independent relaxed-copy replay, finite search cross-check, byte lower bound and attainment",paper/main.tex Theorem thm:minimum,src/liveness_checker.py; src/event_bijective_checker.py; tests/assembly.py,proofs/liveness-lower-bound.json; proofs/event-bijective-minimality.json; src/kernel.S,results/liveness-lower-bound.json; results/event-bijective-minimality.json; results/assembly.json,Tables tab:frontier and tab:block,Class-relative theorem; it is not a minimum over the full ten-opcode grammar or all x86-64 programs.,Unified replay passes; final clean-archive replay is recorded in results/clean-reproduction.json.
C06,Supplying one entry copy of a or b lowers the relaxed minimum to seven instructions; supplying both lowers it to six.,complete finite control searches,paper/main.tex Section 5.6 and Appendix I,src/liveness_checker.py; src/event_bijective_checker.py,proofs/liveness-lower-bound.json; proofs/event-bijective-minimality.json,results/liveness-lower-bound.json; results/event-bijective-minimality.json,Table tab:duplicates; Figure fig:frontiers,Controls isolate destructive preservation in the declared quotient; they are not hardware timing results.,Unified replay passes; final clean-archive replay is recorded in results/clean-reproduction.json.
C07,The full frozen ten-opcode grammar minimum remains open.,open; negative feasibility evidence retained,"paper/main.tex Section 6.5, Section 8.6 and Appendix P",src/smt_encoding.py; src/canonical_synthesis.py; src/lazy_synthesis.py,inputs/lower-bound-*.smt2,results/lower-bound-pilot.json; results/lower-bound-canonical.json; results/lower-bound-tactical.json; results/lazy-state.json,Figure fig:dependencies,"UNKNOWN, timeout or bounded failure is never interpreted as UNSAT or as an impossibility certificate.",Unified replay passes; final clean-archive replay is recorded in results/clean-reproduction.json.
C08,"The two exact reduced-format implementations agree on 1,179,648 primitive comparisons.",complete finite cross-check on the declared toy format,paper/main.tex Section 6.2 and Appendix D,tests/pilot.py,complete eight-bit word domains for admitted primitive classes,results/toy-arithmetic.json; results/toy-selection.json; results/toy-bitwise.json; results/toy-blend.json,Table tab:primitive,The eight-bit format is nonstandard and this finite check is not the binary32 universal proof.,Unified replay passes; final clean-archive replay is recorded in results/clean-reproduction.json.
C09,"Reference and candidate agree on all 65,536 input pairs of the reduced-format program model.",complete finite check,paper/main.tex Section 6.2 and Appendix D,tests/pilot.py,complete eight-bit input-pair domain,results/toy-programs.json,Table tab:ledger,"Checks the retained programs, not enumeration of the synthesis grammar.",Unified replay passes; final clean-archive replay is recorded in results/clean-reproduction.json.
C10,"The retained candidate and reference agree on 1,000 frozen binary32 diagnostic pairs.",finite diagnostic check,paper/main.tex Section 6.3 and Appendix D,tests/binary32.py,inputs/binary32-cases.json,results/binary32.json,Table tab:ledger,"Diagnostic only; the historical distinct pool is 1,002 and the universal claim rests on the proof.",Unified replay passes; final clean-archive replay is recorded in results/clean-reproduction.json.
C11,"The 128 equivalence mutations classify as 96 corrupt evidence objects rejected, 28 wrong programs concretely refuted, and four equivalent variants accepted.",directed finite attack and checker replay,paper/main.tex Section 6.4 and Appendix J,tests/mutations.py,mutation definitions embedded in the test,results/mutations.json,Table tab:ledger,Directed suite for named failure modes; not a statistical reliability estimate or independent review.,Unified replay passes; final clean-archive replay is recorded in results/clean-reproduction.json.
C12,All 46 directed finite-search-certificate corruptions are rejected.,directed finite attack,paper/main.tex Appendix J.5,tests/event_bijective_mutations.py,mutated fields derived from proofs/event-bijective-minimality.json,results/event-bijective-mutations.json,Table tab:ledger,Attacks certificate integrity; does not replace the mathematical coverage argument.,Unified replay passes; final clean-archive replay is recorded in results/clean-reproduction.json.
C13,"All nine guarded-copy variants preserve the declared observation; their static costs are (8,30), (8,31), or (8,32) according to copy choices.",proved for the named family and exhaustively toy-checked,paper/main.tex Corollary cor:family; proofs/soundness.md Section 9,tests/guarded_copies.py; src/certificate_checker.py,nine ORPS/XORPS/ADDSS entry-copy combinations,results/guarded-copies.json,Corollary cor:family,Family-local result only; not an enumeration of all length-eight programs.,Unified replay passes; final clean-archive replay is recorded in results/clean-reproduction.json.
C14,An incorrect stored-subnormal-only tininess rule disagrees with the declared model on 168 reduced-format products.,finite negative control,paper/main.tex Section 6.1 and Appendix D,tests/tininess.py,complete toy products plus exact dyadic helper cases,results/tininess-control.json,Table tab:ledger,A discriminating model control; model agreement alone cannot validate the chosen ISA interpretation.,Unified replay passes; final clean-archive replay is recorded in results/clean-reproduction.json.
C15,"OR-combining two partial residuals fails on 3,066 selected admissible finite reduced-format pairs.",finite refutation of an explored alternative,paper/main.tex Section 6.2 and Appendix D,tests/explore_residuals.py,"57,098 selected admissible finite toy pairs",results/residual-exploration.json,Table tab:ledger,Exploratory alternative only; no general impossibility theorem is claimed.,Unified replay passes; final clean-archive replay is recorded in results/clean-reproduction.json.
C16,The wrong reflected orientation has concrete internal-overflow counterexamples.,mathematically explained and finite-checked,paper/main.tex Section 3.2 and Appendix G.4,tests/pilot.py; tests/binary32.py,frozen toy and binary32 witness inputs,results/toy-programs.json; results/binary32.json,Appendix G.4,"Excludes one tempting orientation, not every shorter or differently structured program.",Unified replay passes; final clean-archive replay is recorded in results/clean-reproduction.json.
C17,All 449 retained lazy arithmetic cells agree with both exact arithmetic implementations.,finite consistency check,paper/main.tex Section 6.5 and Appendix P.3,tests/lazy_controls.py,results/lazy-state.json,results/lazy-controls.json,none,Does not prove that learned cells cover every reachable lower-cost program state.,Unified replay passes; final clean-archive replay is recorded in results/clean-reproduction.json.
C18,Fixed solver positive and negative controls discriminate the intended encodings.,finite solver-admission controls,paper/main.tex Section 6.5 and Appendix N.6,tests/solver_controls.py; tests/lazy_controls.py,inputs/solver-positive.smt2; inputs/solver-negative.smt2,results/solver-positive.json; results/solver-negative.json; results/lazy-controls.json,none,A solver status is not an independently replayed proof of the open lower bound.,Unified replay passes; final clean-archive replay is recorded in results/clean-reproduction.json.
C19,"Recorded campaign CPU, memory, timeout and swap observations are internally consistent, with explicit historical accounting gaps.",measured with qualifications,paper/main.tex Section 6.6 and Appendix N.7,src/bounded.py; src/limit_exec.py,bounded stage commands,results/resources.jsonl; results/resource-summary.json,Table tab:ledger,"Two early cancellations lack exact child CPU accounting; cumulative diagnostics and finite-state count exceed provisional quantities, so no unqualified resource-contract PASS is claimed.",Unified replay passes; final clean-archive replay is recorded in results/clean-reproduction.json.
C20,"The shared manuscript source compiles to an exactly 50-page acmsmall internal layout and a 51-page one-column manuscript review layout, both with resolved references, no overfull boxes, embedded fonts, no blank pages, and no observed clipping or overlap after repair.",built and visually self-inspected,paper/README.md; paper/main.tex,paper/build.py; Poppler rendering; PDF structural utilities,paper/main.tex; paper/references.bib; paper/figures/proof-partition.tex,results/paper-build.json; results/paper-inspection.json,all figures and tables,"Internal page target and artifact-side self-inspection only; not an official TOPLAS length rule, accessibility certification, or independent peer review.",Unified replay passes; final clean-archive replay is recorded in results/clean-reproduction.json.
C21,"The two forced liveness barriers require at least two auxiliaries in the declared destructive event-bijective class; relaxed auxiliary minima are 2, 1, 1, and 0 for the declared and duplicate-entry variants.",analytic proof plus independently replayed relaxed shortest-path certificate,paper/main.tex Section 5.3; proofs/liveness-lower-bound.md,src/liveness_checker.py; tests/liveness_mutations.py,proofs/liveness-lower-bound.json,results/liveness-lower-bound.json; results/liveness-mutations.json,Equation eq:livenesslower; Table tab:duplicates,Applies only to the six-register destructive event-bijective class whose auxiliaries cannot reconstruct lost symbolic values; not the full ten-opcode grammar.,Included in quick and full clean-archive replay; 32/32 directed mutations are rejected.
C22,"The manuscript bibliography contains 70 unique entries, every entry is cited, every citation resolves to a retained entry, and the 12 TOPLAS + 5 foundational + 5 adjacent calibration ledger is complete.",source-ledger audit with corrected high-risk metadata and offline deterministic replay,paper/references.bib; research-plan.md calibration matrix,src/bibliography_audit.py,reference_audit.csv; paper/references.bib; paper/main.tex,results/bibliography-audit.json,none,"Offline replay verifies retained metadata, identifiers, coverage, and correction fingerprints; it does not live-resolve DOI targets or constitute a systematic-review completeness claim.",Included in quick and full clean-archive replay.
C23,"On the retained 1,000 binary32 pairs, the current x86-64 SSE4.1 host agrees with the exact model for 18,000 primitive observations, and the hardware candidate agrees with the hardware reference for 32,000 initial-flag complete-block observations, with zero reported mismatches.",finite host-conformance diagnostic,paper/main.tex Section 6.3 and Appendix D,tests/hardware_conformance.py; src/sse_primitive_probe.c; src/sse_block_probe.c,inputs/binary32-cases.json,results/hardware-conformance.json,Table tab:ledger,"Executed on the recorded AuthenticAMD x86-64 host; finite diagnostics only, not all-input proof, Intel-specific certification, device performance, or independent replication.",Included in the separate hardware reproduction mode; exact result JSON is compared with retained evidence.
C24,"The three claim-critical checkers have a replayed static dependency boundary: they import neither certificate producers nor the project floating-point models/oracle, solver bindings, or process/network facilities, and contain no dynamic code-execution calls.",static source-structure audit,paper/main.tex Section 6.4 and Appendix M; artifact/REVIEWER-GUIDE.md,tests/checker_independence.py,src/certificate_checker.py; src/liveness_checker.py; src/event_bijective_checker.py,results/checker-independence.json,Table tab:ledger,"Verifies a structural dependency split only; it does not prove checker soundness, independent authorship, or absence of correlated conceptual errors.",Included in quick and full replay.
C25,"Candidate bytes, output registers, static cost, class-minimum frontier, every artifact-local path named by the claim-evidence ledger, and all paper/project-root paths when present are mutually consistent in the frozen packages.",deterministic cross-file integrity audit,paper/main.tex Appendix M; artifact/REVIEWER-GUIDE.md,tests/evidence_integrity.py,proofs/equivalence.json; proofs/event-bijective-minimality.json; proofs/liveness-lower-bound.json; claim_evidence_ledger.csv,results/evidence-integrity.json,none,"Detects packaging drift only; it does not validate mathematical lemmas, bibliographic truth, or the open full-ten-opcode lower bound.",Included in quick and full replay.
C26,"The frozen 1,000-pair hardware pool contains 180 pairs with a NaN (95 with a signaling NaN), 92 with an infinity, 179 with a subnormal, and 92 with a zero (47 with a negative zero); its 18,000 primitive model observations include 121 underflow contributions, whereas no complete-reference pair in this pool raises underflow.",deterministic finite coverage accounting; not a workload sample or universal guarantee,paper/main.tex Section 7.3; CURRENT-STATE.md,tests/hardware_conformance.py,inputs/binary32-cases.json,results/hardware-conformance.json,none,"No inputs were added. Categories and flag counts overlap. Full-block underflow equivalence is supported by the universal proof, not by extrapolating this finite pool.",2026-09-20
